Id,Position,First Name,Nickname,Last Name,FPPG,Played,Salary,Game,Team,Opponent,Injury Indicator,Injury Details,Tier
29305-30447,RB,Todd,Todd Gurley,Gurley,27.7285723,7,11000,GB@LAR,LAR,GB,,,
29305-57439,QB,Patrick,Patrick Mahomes,Mahomes,27.98857117,7,9200,DEN@KC,KC,DEN,,,
29305-64401,RB,Saquon,Saquon Barkley,Barkley,22.71428571,7,8900,WAS@NYG,NYG,WAS,,,
29305-11612,WR,Antonio,Antonio Brown,Brown,17.30000051,6,8800,CLE@PIT,PIT,CLE,,,
29305-14187,WR,A.J.,A.J. Green,Green,15.58571407,7,8800,TB@CIN,CIN,TB,,,
29305-6894,QB,Aaron,Aaron Rodgers,Rodgers,22.32999929,6,8600,GB@LAR,GB,LAR,,,
29305-45889,WR,Davante,Davante Adams,Adams,19.19999949,6,8600,GB@LAR,GB,LAR,,,
29305-38435,QB,Jared,Jared Goff,Goff,20.52857099,7,8500,GB@LAR,LAR,GB,,,
29305-31360,WR,Odell,Odell Beckham,Beckham,15.49714334,7,8500,WAS@NYG,NYG,WAS,,,
29305-6589,QB,Ben,Ben Roethlisberger,Roethlisberger,22.58666738,6,8400,CLE@PIT,PIT,CLE,,,
29305-21939,QB,Andrew,Andrew Luck,Luck,22.34571402,7,8300,IND@OAK,IND,OAK,,,
29305-45229,RB,Kareem,Kareem Hunt,Hunt,19.75714329,7,8100,DEN@KC,KC,DEN,,,
29305-14185,QB,Cam,Cam Newton,Newton,24.1299998,6,8100,BAL@CAR,CAR,BAL,Q,Shoulder,
29305-28181,RB,Le'Veon,Le'Veon Bell,Bell,19.94000041,15,8000,CLE@PIT,PIT,CLE,O,Contract dispute,
29305-55987,WR,JuJu,JuJu Smith-Schuster,Smith-Schuster,15.18333308,6,8000,CLE@PIT,PIT,CLE,,,
29305-40687,RB,James,James Conner,Conner,21.33333333,6,8000,CLE@PIT,PIT,CLE,,,
29305-52442,RB,Joe,Joe Mixon,Mixon,14.91999969,5,7800,TB@CIN,CIN,TB,,,
29305-24849,QB,Jameis,Jameis Winston,Winston,21.09999975,3,7800,TB@CIN,TB,CIN,,,
29305-53681,WR,Tyreek,Tyreek Hill,Hill,19.5,7,7800,DEN@KC,KC,DEN,,,
29305-32384,WR,Mike,Mike Evans,Evans,15.84999975,6,7800,TB@CIN,TB,CIN,,,
29305-14225,QB,Andy,Andy Dalton,Dalton,18.28285762,7,7800,TB@CIN,CIN,TB,,,
29305-38628,QB,Mitchell,Mitchell Trubisky,Trubisky,23.70999908,6,7700,NYJ@CHI,CHI,NYJ,,,
29305-29685,WR,Robert,Robert Woods,Woods,15.38571385,7,7600,GB@LAR,LAR,GB,,,
29305-6714,QB,Joe,Joe Flacco,Flacco,17.68285697,7,7500,BAL@CAR,BAL,CAR,,,
29305-29501,WR,Brandin,Brandin Cooks,Cooks,14.53333282,6,7500,GB@LAR,LAR,GB,,,
29305-22015,QB,Russell,Russell Wilson,Wilson,17.41999944,6,7400,SEA@DET,SEA,DET,,,
29305-22031,WR,T.Y.,T.Y. Hilton,Hilton,13.68000031,5,7400,IND@OAK,IND,OAK,,,
29305-62497,RB,David,David Johnson,Johnson,13.15714264,7,7300,SF@ARI,ARI,SF,,,
29305-33076,TE,Travis,Travis Kelce,Kelce,13.32857186,7,7300,DEN@KC,KC,DEN,,,
29305-27986,QB,C.J.,C.J. Beathard,Beathard,17.37000084,4,7300,SF@ARI,SF,ARI,,,
29305-6654,QB,Matthew,Matthew Stafford,Stafford,18.1299998,6,7300,SEA@DET,DET,SEA,,,
29305-55050,RB,Christian,Christian McCaffrey,McCaffrey,15.11666616,6,7300,BAL@CAR,CAR,BAL,,,
29305-11505,WR,Emmanuel,Emmanuel Sanders,Sanders,16.81714303,7,7200,DEN@KC,DEN,KC,,,
29305-41535,QB,Baker,Baker Mayfield,Mayfield,15.76799927,5,7200,CLE@PIT,CLE,PIT,,,
29305-8005,QB,Alex,Alex Smith,Smith,15.6200002,6,7200,WAS@NYG,WAS,NYG,,,
29305-79974,RB,Tarik,Tarik Cohen,Cohen,13.61666616,6,7100,NYJ@CHI,CHI,NYJ,,,
29305-11485,WR,Golden,Golden Tate,Tate,14.51666641,6,7100,SEA@DET,DET,SEA,Q,Ankle,
29305-22994,QB,Case,Case Keenum,Keenum,15.07428523,7,7000,DEN@KC,DEN,KC,,,
29305-6703,RB,Adrian,Adrian Peterson,Peterson,13.03333282,6,7000,WAS@NYG,WAS,NYG,Q,Ankle,
29305-63806,RB,Kerryon,Kerryon Johnson,Johnson,11.13333384,6,6900,SEA@DET,DET,SEA,,,
29305-45859,QB,Derek,Derek Carr,Carr,15.48666636,6,6900,IND@OAK,OAK,IND,,,
29305-79970,WR,Cooper,Cooper Kupp,Kupp,15.21666718,6,6800,GB@LAR,LAR,GB,D,Knee - mcl,
29305-40669,WR,Tyler,Tyler Boyd,Boyd,13.24285671,7,6800,TB@CIN,CIN,TB,,,
29305-39793,TE,George,George Kittle,Kittle,11.81428528,7,6800,SF@ARI,SF,ARI,,,
29305-63589,QB,Sam,Sam Darnold,Darnold,14.28285762,7,6700,NYJ@CHI,NYJ,CHI,,,
29305-54606,WR,John,John Brown,Brown,13.45714242,7,6700,BAL@CAR,BAL,CAR,,,
29305-27050,WR,Tyler,Tyler Lockett,Lockett,13.21666718,6,6700,SEA@DET,SEA,DET,,,
29305-57909,RB,Marlon,Marlon Mack,Mack,14.93333308,3,6700,IND@OAK,IND,OAK,Q,Ankle,
29305-31394,WR,Jarvis,Jarvis Landry,Landry,11.91428593,7,6700,CLE@PIT,CLE,PIT,,,
29305-6826,QB,Eli,Eli Manning,Manning,15.47714233,7,6700,WAS@NYG,NYG,WAS,,,
29305-54244,WR,Kenny,Kenny Golladay,Golladay,13.16666667,6,6600,SEA@DET,DET,SEA,,,
29305-41426,RB,Phillip,Phillip Lindsay,Lindsay,11.57142857,7,6500,DEN@KC,DEN,KC,,,
29305-27477,WR,Sterling,Sterling Shepard,Shepard,11.82857186,7,6500,WAS@NYG,NYG,WAS,,,
29305-24641,WR,Sammy,Sammy Watkins,Watkins,8.371428353,7,6400,DEN@KC,KC,DEN,,,
29305-11512,TE,Jimmy,Jimmy Graham,Graham,9.066666921,6,6400,GB@LAR,GB,LAR,Q,Knee,
29305-14626,WR,Doug,Doug Baldwin,Baldwin,4.824999809,4,6400,SEA@DET,SEA,DET,,,
29305-53562,RB,Nick,Nick Chubb,Chubb,6.185714177,7,6400,CLE@PIT,CLE,PIT,,,
29305-28080,WR,Devin,Devin Funchess,Funchess,11.65000025,6,6400,BAL@CAR,CAR,BAL,,,
29305-6739,WR,DeSean,DeSean Jackson,Jackson,14.93333308,6,6400,TB@CIN,TB,CIN,,,
29305-30297,TE,Trey,Trey Burton,Burton,11.44999949,6,6400,NYJ@CHI,CHI,NYJ,,,
29305-25272,TE,Eric,Eric Ebron,Ebron,12.58571407,7,6400,IND@OAK,IND,OAK,,,
29305-62364,QB,Josh,Josh Rosen,Rosen,7.880000305,5,6400,SF@ARI,ARI,SF,Q,Toe,
29305-9371,RB,Marshawn,Marshawn Lynch,Lynch,11.91666667,6,6300,IND@OAK,OAK,IND,IR,Groin,
29305-11432,WR,Demaryius,Demaryius Thomas,Thomas,10.24285671,7,6300,DEN@KC,DEN,KC,,,
29305-9392,WR,Michael,Michael Crabtree,Crabtree,10.05714308,7,6300,BAL@CAR,BAL,CAR,,,
29305-55635,WR,Chris,Chris Godwin,Godwin,10.96666718,6,6300,TB@CIN,TB,CIN,,,
29305-64119,RB,Chris,Chris Carson,Carson,9.659999847,5,6300,SEA@DET,SEA,DET,,,
29305-28643,WR,Allen,Allen Robinson,Robinson,8.833333333,6,6300,NYJ@CHI,CHI,NYJ,Q,Groin,
29305-63115,QB,Lamar,Lamar Jackson,Jackson,2.494285583,7,6200,BAL@CAR,BAL,CAR,,,
29305-25290,RB,Giovani,Giovani Bernard,Bernard,12.07499981,4,6100,TB@CIN,CIN,TB,Q,Knee - mcl,
29305-40843,RB,Alex,Alex Collins,Collins,10.22857121,7,6100,BAL@CAR,BAL,CAR,,,
29305-14257,WR,Randall,Randall Cobb,Cobb,10.63333321,3,6100,GB@LAR,GB,LAR,Q,Hamstring,
29305-29715,QB,Kevin,Kevin Hogan,Hogan,9.694999695,4,6000,DEN@KC,DEN,KC,,,
29305-24607,QB,Chad,Chad Kelly,Kelly,-0.100000001,1,6000,DEN@KC,DEN,KC,,,
29305-14377,QB,Tyrod,Tyrod Taylor,Taylor,14.32666651,3,6000,CLE@PIT,CLE,PIT,,,
29305-30788,QB,Tyler,Tyler Bray,Bray,-2,1,6000,NYJ@CHI,CHI,NYJ,,,
29305-53331,QB,Taylor,Taylor Heinicke,Heinicke,0.600000024,1,6000,BAL@CAR,CAR,BAL,,,
29305-83079,QB,Kyle,Kyle Lauletta,Lauletta,0,0,6000,WAS@NYG,NYG,WAS,,,
29305-11414,QB,Sam,Sam Bradford,Bradford,5.566666921,3,6000,SF@ARI,ARI,SF,,,
29305-42142,RB,Jordan,Jordan Howard,Howard,9.21666654,6,6000,NYJ@CHI,CHI,NYJ,,,
29305-83130,QB,Chad,Chad Kanoff,Kanoff,0,0,6000,SF@ARI,ARI,SF,,,
29305-57537,QB,DeShone,DeShone Kizer,Kizer,-0.800000012,1,6000,GB@LAR,GB,LAR,,,
29305-29915,QB,Brett,Brett Hundley,Hundley,12.35818204,11,6000,SEA@DET,SEA,DET,,,
29305-54507,QB,Alex,Alex McGough,McGough,0,0,6000,SEA@DET,SEA,DET,,,
29305-11500,QB,Colt,Colt McCoy,McCoy,0,0,6000,WAS@NYG,WAS,NYG,,,
29305-31047,QB,AJ,AJ McCarron,McCarron,1.320000052,2,6000,IND@OAK,OAK,IND,,,
29305-27982,QB,Jake,Jake Rudock,Rudock,-0.039999999,1,6000,SEA@DET,DET,SEA,,,
29305-54684,RB,Isaiah,Isaiah Crowell,Crowell,12.47142901,7,6000,NYJ@CHI,NYJ,CHI,,,
29305-21941,QB,Robert,Robert Griffin III,Griffin III,0,0,6000,BAL@CAR,BAL,CAR,,,
29305-31170,QB,Brandon,Brandon Allen,Allen,0,0,6000,GB@LAR,LAR,GB,,,
29305-21970,RB,Doug,Doug Martin,Martin,2.066666603,6,6000,IND@OAK,OAK,IND,,,
29305-40407,QB,Joshua,Joshua Dobbs,Dobbs,-0.300000012,1,6000,CLE@PIT,PIT,CLE,,,
29305-53729,QB,Mason,Mason Rudolph,Rudolph,0,0,6000,CLE@PIT,PIT,CLE,,,
29305-7659,QB,Ryan,Ryan Fitzpatrick,Fitzpatrick,26.36000061,4,6000,TB@CIN,TB,CIN,,,
29305-28163,QB,Connor,Connor Cook,Cook,0,0,6000,BAL@CAR,CAR,BAL,,,
29305-30231,QB,Jacoby,Jacoby Brissett,Brissett,-0.200000003,2,6000,IND@OAK,IND,OAK,,,
29305-40482,QB,Tim,Tim Boyle,Boyle,0,0,6000,GB@LAR,GB,LAR,,,
29305-23075,QB,Alex,Alex Tanney,Tanney,0,0,6000,WAS@NYG,NYG,WAS,,,
29305-30253,QB,Jeff,Jeff Driskel,Driskel,2.059999943,1,6000,TB@CIN,CIN,TB,,,
29305-7744,QB,Drew,Drew Stanton,Stanton,11.09199982,5,6000,CLE@PIT,CLE,PIT,,,
29305-22103,WR,Marvin,Marvin Jones,Jones,9.083333333,6,6000,SEA@DET,DET,SEA,,,
29305-41562,QB,Nick,Nick Mullens,Mullens,0,0,6000,SF@ARI,SF,ARI,,,
29305-7778,QB,Matt,Matt Cassel,Cassel,-0.540000021,1,6000,SEA@DET,DET,SEA,,,
29305-8803,QB,Chase,Chase Daniel,Daniel,-0.200000003,1,6000,NYJ@CHI,CHI,NYJ,,,
29305-6803,QB,Josh,Josh McCown,McCown,16.4953848,13,6000,NYJ@CHI,NYJ,CHI,,,
29305-7844,QB,Chad,Chad Henne,Henne,-0.25,2,6000,DEN@KC,KC,DEN,,,
29305-62133,QB,Chase,Chase Litton,Litton,0,0,6000,DEN@KC,KC,DEN,,,
29305-41732,QB,Christian,Christian Hackenberg,Hackenberg,0,0,6000,TB@CIN,CIN,TB,,,
29305-29445,QB,Sean,Sean Mannion,Mannion,0.100000001,1,6000,GB@LAR,LAR,GB,,,
29305-25410,QB,Mike,Mike Glennon,Glennon,9.680000305,4,6000,SF@ARI,ARI,SF,,,
29305-41827,QB,Phillip,Phillip Walker,Walker,0,0,6000,IND@OAK,IND,OAK,,,
29305-39795,QB,Davis,Davis Webb,Webb,0,0,6000,NYJ@CHI,NYJ,CHI,,,
29305-33702,QB,Ryan,Ryan Griffin,Griffin,0,0,6000,TB@CIN,TB,CIN,,,
29305-53303,RB,Matt,Matt Breida,Breida,10.71428571,7,5900,SF@ARI,SF,ARI,Q,Ankle,
29305-24891,RB,Chris,Chris Thompson,Thompson,12.25,4,5900,WAS@NYG,WAS,NYG,Q,Ribs,
29305-7761,TE,Jared,Jared Cook,Cook,11.33333333,6,5900,IND@OAK,OAK,IND,,,
29305-26610,WR,Paul,Paul Richardson Jr.,Richardson Jr.,8.280000305,5,5900,WAS@NYG,WAS,NYG,Q,Shoulder,
29305-39286,TE,O.J.,O.J. Howard,Howard,9.516666412,6,5800,TB@CIN,TB,CIN,,,
29305-40442,RB,Aaron,Aaron Jones,Jones,7.724999905,4,5800,GB@LAR,GB,LAR,,,
29305-30298,TE,Jordan,Jordan Reed,Reed,6.96666654,6,5800,WAS@NYG,WAS,NYG,,,
29305-6883,WR,Larry,Larry Fitzgerald,Fitzgerald,6.357142857,7,5800,SF@ARI,ARI,SF,Q,Hamstring,
29305-6914,TE,Greg,Greg Olsen,Olsen,6.200000127,3,5800,BAL@CAR,CAR,BAL,Q,Foot,
29305-41872,TE,Evan,Evan Engram,Engram,6.25,4,5800,WAS@NYG,NYG,WAS,,,
29305-40857,RB,Peyton,Peyton Barber,Barber,6.450000127,6,5800,TB@CIN,TB,CIN,Q,Ankle,
29305-55335,TE,David,David Njoku,Njoku,8.17142868,7,5700,CLE@PIT,CLE,PIT,Q,Knee,
29305-24755,WR,Jamison,Jamison Crowder,Crowder,7.349999905,4,5700,WAS@NYG,WAS,NYG,D,Ankle,
29305-52560,WR,Geronimo,Geronimo Allison,Allison,12.60000038,4,5700,GB@LAR,GB,LAR,Q,Hamstring,
29305-55970,RB,Royce,Royce Freeman,Freeman,8.428571429,7,5700,DEN@KC,DEN,KC,Q,Ankle,
29305-33578,RB,Jalen,Jalen Richard,Richard,7.333333333,6,5700,IND@OAK,OAK,IND,,,
29305-28744,RB,Raheem,Raheem Mostert,Mostert,4.800000191,4,5600,SF@ARI,SF,ARI,,,
29305-11779,RB,LeGarrette,LeGarrette Blount,Blount,6.266666412,6,5600,SEA@DET,DET,SEA,,,
29305-70372,WR,Chester,Chester Rogers,Rogers,7.642857143,7,5600,IND@OAK,IND,OAK,,,
29305-54753,WR,Taylor,Taylor Gabriel,Gabriel,10.58333333,6,5500,NYJ@CHI,CHI,NYJ,,,
29305-29645,RB,Javorius,Javorius Allen,Allen,8.928571429,7,5500,BAL@CAR,BAL,CAR,,,
29305-55336,TE,Chris,Chris Herndon,Herndon,6.4,5,5400,NYJ@CHI,NYJ,CHI,,,
29305-79987,WR,David,David Moore,Moore,8.600000381,4,5400,SEA@DET,SEA,DET,,,
29305-44449,WR,Willie,Willie Snead,Snead,8.200000218,7,5400,BAL@CAR,BAL,CAR,,,
29305-60858,WR,Christian,Christian Kirk,Kirk,8.285714286,7,5400,SF@ARI,ARI,SF,,,
29305-31207,TE,C.J.,C.J. Uzomah,Uzomah,5.557143075,7,5400,TB@CIN,CIN,TB,,,
29305-22113,RB,Alfred,Alfred Morris,Morris,6.483333588,6,5400,SF@ARI,SF,ARI,,,
29305-30635,RB,Mike,Mike Davis,Davis,9.180000305,5,5400,SEA@DET,SEA,DET,,,
29305-14320,RB,Bilal,Bilal Powell,Powell,7.82857132,7,5400,NYJ@CHI,NYJ,CHI,IR,Neck,
29305-57403,WR,Courtland,Courtland Sutton,Sutton,6.228571211,7,5300,DEN@KC,DEN,KC,,,
29305-24675,WR,Martavis,Martavis Bryant,Bryant,5.479999924,5,5300,IND@OAK,OAK,IND,,,
29305-63625,RB,Nyheim,Nyheim Hines,Hines,9.714285714,7,5300,IND@OAK,IND,OAK,,,
29305-25837,RB,Duke,Duke Johnson,Johnson,6.057143075,7,5300,CLE@PIT,CLE,PIT,,,
29305-32045,TE,Vance,Vance McDonald,McDonald,8.280000305,5,5300,CLE@PIT,PIT,CLE,,,
29305-45683,RB,Kapri,Kapri Bibbs,Bibbs,5.75,4,5300,WAS@NYG,WAS,NYG,,,
29305-6774,WR,Pierre,Pierre Garcon,Garcon,4.785714286,7,5300,SF@ARI,SF,ARI,D,Knee,
29305-6893,WR,Jordy,Jordy Nelson,Nelson,10.54999987,6,5300,IND@OAK,OAK,IND,,,
29305-14288,WR,Torrey,Torrey Smith,Smith,6.516666412,6,5300,BAL@CAR,CAR,BAL,Q,Knee,
29305-28694,TE,Jesse,Jesse James,James,6.983333588,6,5200,CLE@PIT,PIT,CLE,,,
29305-63591,RB,Ronald,Ronald Jones II,Jones II,5.333333333,3,5200,TB@CIN,TB,CIN,,,
29305-83091,RB,Trenton,Trenton Cannon,Cannon,5.949999809,2,5200,NYJ@CHI,NYJ,CHI,,,
29305-45335,TE,Michael,Michael Roberts,Roberts,13.14999962,2,5200,SEA@DET,DET,SEA,,,
29305-62791,RB,Mark,Mark Walton,Walton,1.700000048,4,5200,TB@CIN,CIN,TB,,,
29305-32243,WR,Marquise,Marquise Goodwin,Goodwin,8.919999695,5,5200,SF@ARI,SF,ARI,,,
29305-26251,WR,Robby,Robby Anderson,Anderson,7.571428571,7,5200,NYJ@CHI,NYJ,CHI,Q,Ankle,
29305-33465,RB,Theo,Theo Riddick,Riddick,5.659999847,5,5200,SEA@DET,DET,SEA,Q,Knee,
29305-40647,WR,Marquez,Marquez Valdes-Scantling,Valdes-Scantling,5.53333346,6,5200,GB@LAR,GB,LAR,,,
29305-41936,WR,Anthony,Anthony Miller,Miller,5.979999924,5,5200,NYJ@CHI,CHI,NYJ,,,
29305-27266,WR,Quincy,Quincy Enunwa,Enunwa,7.28333346,6,5100,NYJ@CHI,NYJ,CHI,O,Ankle,
29305-53097,WR,Josh,Josh Reynolds,Reynolds,2.150000095,4,5100,GB@LAR,LAR,GB,,,
29305-40977,TE,Ricky,Ricky Seals-Jones,Seals-Jones,4.985714504,7,5000,SF@ARI,ARI,SF,,,
29305-29734,RB,Ty,Ty Montgomery,Montgomery,6.616666794,6,5000,GB@LAR,GB,LAR,,,
29305-12527,D,Chicago,Chicago Bears,Bears,11.66666667,6,5000,NYJ@CHI,CHI,NYJ,,,
29305-32234,RB,Malcolm,Malcolm Brown,Brown,4.820000076,5,5000,GB@LAR,LAR,GB,,,
29305-41475,WR,John,John Ross,Ross,4.620000076,5,5000,TB@CIN,CIN,TB,D,Groin,
29305-39428,RB,Kyle,Kyle Juszczyk,Juszczyk,5.528571538,7,5000,SF@ARI,SF,ARI,,,
29305-29201,WR,Maurice,Maurice Harris,Harris,4.433333397,3,4900,WAS@NYG,WAS,NYG,,,
29305-45631,RB,Jamaal,Jamaal Williams,Williams,5.683333079,6,4900,GB@LAR,GB,LAR,,,
29305-63043,WR,D.J.,D.J. Moore,Moore,5.366666794,6,4900,BAL@CAR,CAR,BAL,,,
29305-39580,RB,Devontae,Devontae Booker,Booker,3.67142868,7,4900,DEN@KC,DEN,KC,,,
29305-32564,WR,Josh,Josh Doctson,Doctson,3.3,5,4900,WAS@NYG,WAS,NYG,,,
29305-41867,RB,Jordan,Jordan Wilkins,Wilkins,4.883333206,6,4900,IND@OAK,IND,OAK,,,
29305-39859,TE,Jack,Jack Doyle,Doyle,5.25,2,4900,IND@OAK,IND,OAK,Q,Hip,
29305-24671,WR,Adam,Adam Humphries,Humphries,5.400000254,6,4800,TB@CIN,TB,CIN,,,
29305-34071,WR,Nick,Nick Williams,Williams,0.900000016,3,4800,GB@LAR,LAR,GB,,,
29305-64841,WR,Equanimeous,Equanimeous St. Brown,St. Brown,6.400000095,2,4800,GB@LAR,GB,LAR,Q,Knee,
29305-56708,TE,Will,Will Dissly,Dissly,7.900000095,4,4800,SEA@DET,SEA,DET,IR,Kneecap,
29305-60861,WR,Damion,Damion Ratley,Ratley,7.5,2,4800,CLE@PIT,CLE,PIT,,,
29305-57840,RB,Rashaad,Rashaad Penny,Penny,4.540000153,5,4800,SEA@DET,SEA,DET,Q,Finger,
29305-6870,TE,Vernon,Vernon Davis,Davis,5.079999924,5,4800,WAS@NYG,WAS,NYG,,,
29305-15212,WR,Terrelle,Terrelle Pryor,Pryor,7.083333333,6,4800,NYJ@CHI,NYJ,CHI,,,
29305-83081,RB,Chase,Chase Edmonds,Edmonds,2.32857132,7,4700,SF@ARI,ARI,SF,,,
29305-52613,WR,Curtis,Curtis Samuel,Samuel,6.566666921,3,4700,BAL@CAR,CAR,BAL,,,
29305-21952,WR,Michael,Michael Floyd,Floyd,1.25,2,4700,WAS@NYG,WAS,NYG,,,
29305-55748,WR,James,James Washington,Washington,2.679999924,5,4700,CLE@PIT,PIT,CLE,,,
29305-54741,WR,Seth,Seth Roberts,Roberts,5.459999847,5,4700,IND@OAK,OAK,IND,Q,Concussion,
29305-15838,TE,Erik,Erik Swoope,Swoope,5.959999847,5,4700,IND@OAK,IND,OAK,Q,Knee,
29305-54782,TE,Cameron,Cameron Brate,Brate,6.220000076,5,4700,TB@CIN,TB,CIN,,,
29305-22054,WR,Jarius,Jarius Wright,Wright,5.766666412,6,4700,BAL@CAR,CAR,BAL,,,
29305-29249,RB,C.J.,C.J. Anderson,Anderson,4.324999809,4,4700,BAL@CAR,CAR,BAL,,,
29305-6759,WR,Brandon,Brandon Marshall,Marshall,4.183333397,6,4700,SEA@DET,SEA,DET,,,
29305-22219,WR,Jermaine,Jermaine Kearse,Kearse,4.083333333,6,4700,NYJ@CHI,NYJ,CHI,,,
29305-63360,WR,Antonio,Antonio Callaway,Callaway,5.242857252,7,4700,CLE@PIT,CLE,PIT,,,
29305-33703,WR,Ryan,Ryan Grant,Grant,7.666666667,6,4700,IND@OAK,IND,OAK,Q,Ankle,
29305-79983,RB,De'Angelo,De'Angelo Henderson,Henderson,3.96666654,3,4600,NYJ@CHI,NYJ,CHI,,,
29305-53390,WR,Zach,Zach Pascal,Pascal,4.366666794,6,4600,IND@OAK,IND,OAK,,,
29305-52436,TE,Mark,Mark Andrews,Andrews,5.042857034,7,4600,BAL@CAR,BAL,CAR,,,
29305-11495,WR,Brandon,Brandon LaFell,LaFell,6.175000191,16,4600,IND@OAK,OAK,IND,,,
29305-34154,WR,J.J.,J.J. Nelson,Nelson,0.960000038,5,4600,SF@ARI,ARI,SF,,,
29305-38264,WR,Demarcus,Demarcus Robinson,Robinson,2.639999962,5,4600,DEN@KC,KC,DEN,,,
29305-56698,WR,Dante,Dante Pettis,Pettis,4.275000095,4,4600,SF@ARI,SF,ARI,Q,Knee,
29305-33472,RB,C.J.,C.J. Prosise,Prosise,3.700000048,1,4600,SEA@DET,SEA,DET,,,
29305-45791,WR,Rashard,Rashard Higgins,Higgins,7.680000305,5,4600,CLE@PIT,CLE,PIT,D,Knee - mcl,
29305-31459,RB,Spencer,Spencer Ware,Ware,3.428571429,7,4600,DEN@KC,KC,DEN,,,
29305-28487,TE,Jeff,Jeff Heuerman,Heuerman,3.333333333,6,4600,DEN@KC,DEN,KC,,,
29305-39818,RB,Wayne,Wayne Gallman Jr.,Gallman Jr.,2.620000076,5,4600,WAS@NYG,NYG,WAS,,,
29305-28570,TE,Nick,Nick Vannett,Vannett,3.4,5,4600,SEA@DET,SEA,DET,Q,Back,
29305-14336,RB,Jacquizz,Jacquizz Rodgers,Rodgers,1.833333333,6,4500,TB@CIN,TB,CIN,,,
29305-46088,RB,Jhurell,Jhurell Pressley,Pressley,0,0,4500,WAS@NYG,NYG,WAS,,,
29305-24589,WR,Jaron,Jaron Brown,Brown,5.699999809,4,4500,SEA@DET,SEA,DET,,,
29305-41997,WR,River,River Cracraft,Cracraft,0,0,4500,DEN@KC,DEN,KC,,,
29305-14358,WR,Dwayne,Dwayne Harris,Harris,0.64000001,5,4500,IND@OAK,OAK,IND,,,
29305-55323,RB,Jaylen,Jaylen Samuels,Samuels,0,0,4500,CLE@PIT,PIT,CLE,,,
29305-24621,WR,Charone,Charone Peake,Peake,0,1,4500,NYJ@CHI,NYJ,CHI,,,
29305-30775,WR,Justin,Justin Hunter,Hunter,0.550000012,2,4500,CLE@PIT,PIT,CLE,,,
29305-41042,WR,Marcell,Marcell Ateman,Ateman,0,0,4500,IND@OAK,OAK,IND,,,
29305-79972,WR,Chad,Chad Williams,Williams,2.814285823,7,4500,SF@ARI,ARI,SF,,,
29305-42095,WR,ArDarius,ArDarius Stewart,Stewart,1.158333302,12,4500,NYJ@CHI,NYJ,CHI,,,
29305-79982,RB,Alex,Alex Armah,Armah,1.75,4,4500,BAL@CAR,CAR,BAL,,,
29305-52345,WR,Brandon,Brandon Powell,Powell,0,0,4500,SEA@DET,DET,SEA,,,
29305-27771,WR,Cody,Cody Latimer,Latimer,3.450000048,4,4500,WAS@NYG,NYG,WAS,IR,Hamstring,
29305-84098,WR,Jawill,Jawill Davis,Davis,1.233333349,3,4500,WAS@NYG,NYG,WAS,Q,Concussion,
29305-83083,WR,Justin,Justin Watson,Watson,0,0,4500,TB@CIN,TB,CIN,,,
29305-83086,WR,Reece,Reece Fountain,Fountain,0,0,4500,IND@OAK,IND,OAK,,,
29305-47249,WR,Darvin,Darvin Kidsy,Kidsy,0,0,4500,WAS@NYG,WAS,NYG,,,
29305-28827,RB,Dare,Dare Ogunbowale,Ogunbowale,0,0,4500,TB@CIN,TB,CIN,,,
29305-65706,WR,Deontay,Deontay Burnett,Burnett,1.399999976,1,4500,NYJ@CHI,NYJ,CHI,,,
29305-40118,WR,Steven,Steven Mitchell Jr.,Mitchell Jr.,0,0,4500,GB@LAR,LAR,GB,,,
29305-52410,WR,Josh,Josh Malone,Malone,0.850000024,2,4500,TB@CIN,CIN,TB,,,
29305-83136,WR,Jalen,Jalen Tolliver,Tolliver,0,0,4500,SF@ARI,ARI,SF,,,
29305-41155,RB,Taquan,Taquan Mizzell,Mizzell,0,0,4500,NYJ@CHI,CHI,NYJ,,,
29305-83140,RB,Christopher,Christopher Ezeala,Ezeala,0,0,4500,BAL@CAR,BAL,CAR,,,
29305-22754,TE,Garrett,Garrett Celek,Celek,2.599999905,4,4500,SF@ARI,SF,ARI,,,
29305-52451,RB,Samaje,Samaje Perine,Perine,0.349999994,2,4500,WAS@NYG,WAS,NYG,,,
29305-40167,RB,Gus,Gus Edwards,Edwards,2.099999905,2,4500,BAL@CAR,BAL,CAR,,,
29305-40170,WR,Stacy,Stacy Coley,Coley,0,2,4500,WAS@NYG,NYG,WAS,,,
29305-28907,WR,Alex,Alex Erickson,Erickson,1.171428544,7,4500,TB@CIN,CIN,TB,,,
29305-11504,WR,Andre,Andre Roberts,Roberts,1.45714283,7,4500,NYJ@CHI,NYJ,CHI,,,
29305-44280,WR,JoJo,JoJo Natson Jr.,Natson Jr.,0,4,4500,GB@LAR,LAR,GB,,,
29305-53498,WR,Richie,Richie James Jr.,James Jr.,0.400000016,3,4500,SF@ARI,SF,ARI,,,
29305-41211,WR,Janarion,Janarion Grant,Grant,0,2,4500,BAL@CAR,BAL,CAR,,,
29305-45309,WR,Alonzo,Alonzo Russell,Russell,0,0,4500,WAS@NYG,NYG,WAS,,,
29305-55552,RB,Jeff,Jeff Wilson,Wilson,0,0,4500,SF@ARI,SF,ARI,,,
29305-22800,RB,Derrick,Derrick Coleman,Coleman,0.75,4,4500,SF@ARI,ARI,SF,,,
29305-83221,RB,De'Lance,De'Lance Turner,Turner,1.549999952,2,4500,BAL@CAR,BAL,CAR,IR,Hamstring,
29305-33047,WR,Chris,Chris Moore,Moore,2.300000032,6,4500,BAL@CAR,BAL,CAR,,,
29305-46374,WR,Tanner,Tanner Gentry,Gentry,1.25,4,4500,NYJ@CHI,CHI,NYJ,,,
29305-31015,WR,DeAndrew,DeAndrew White,White,1.450000048,2,4500,BAL@CAR,CAR,BAL,,,
29305-85306,WR,KhaDarel,KhaDarel Hodge,Hodge,1.899999976,1,4500,GB@LAR,LAR,GB,,,
29305-56648,RB,Jeremy,Jeremy McNichols,McNichols,0.400000006,1,4500,DEN@KC,DEN,KC,,,
29305-40298,WR,Derrick,Derrick Willies,Willies,7.599999905,1,4500,CLE@PIT,CLE,PIT,IR,Shoulder,
29305-38269,RB,Cameron,Cameron Artis-Payne,Artis-Payne,3.240000153,5,4500,BAL@CAR,CAR,BAL,,,
29305-53639,WR,Isaiah,Isaiah McKenzie,McKenzie,0.118181814,11,4500,DEN@KC,DEN,KC,,,
29305-29064,WR,Trey,Trey Griffey,Griffey,0,0,4500,CLE@PIT,PIT,CLE,,,
29305-43416,WR,Trent,Trent Taylor,Taylor,4.600000064,6,4500,SF@ARI,SF,ARI,,,
29305-22938,WR,Rod,Rod Streater,Streater,-1.100000024,1,4500,CLE@PIT,CLE,PIT,IR,Neck,
29305-80289,WR,Kendrick,Kendrick Bourne,Bourne,4.142857143,7,4500,SF@ARI,SF,ARI,,,
29305-28065,WR,Jehu,Jehu Chesson,Chesson,0,1,4500,WAS@NYG,WAS,NYG,,,
29305-32161,WR,Gehrig,Gehrig Dieter,Dieter,0,0,4500,DEN@KC,KC,DEN,,,
29305-80299,RB,Patrick,Patrick Ricard,Ricard,3.799999952,4,4500,BAL@CAR,BAL,CAR,,,
29305-26038,TE,Tyler,Tyler Kroft,Kroft,1.119999981,5,4500,TB@CIN,CIN,TB,O,Foot,
29305-28095,RB,Thomas,Thomas Rawls,Rawls,3.066666709,9,4500,TB@CIN,CIN,TB,,,
29305-55750,WR,Chris,Chris Lacy,Lacy,0,0,4500,SEA@DET,DET,SEA,,,
29305-26057,RB,Michael,Michael Burton,Burton,1.100000024,1,4500,NYJ@CHI,CHI,NYJ,,,
29305-28106,RB,Joe,Joe Kerridge,Kerridge,0.800000012,1,4500,GB@LAR,GB,LAR,,,
29305-57803,WR,Jordan,Jordan Lasley,Lasley,0,0,4500,BAL@CAR,BAL,CAR,,,
29305-21972,WR,Brian,Brian Quick,Quick,1.649999976,2,4500,WAS@NYG,WAS,NYG,,,
29305-27096,WR,Marcus,Marcus Lucas,Lucas,0,0,4500,SEA@DET,SEA,DET,,,
29305-14820,RB,Nick,Nick Bellore,Bellore,0,1,4500,SEA@DET,DET,SEA,,,
29305-32235,WR,Marcus,Marcus Johnson,Johnson,4.75,4,4500,IND@OAK,IND,OAK,IR,Ankle,
29305-41480,RB,Lavon,Lavon Coleman,Coleman,0,0,4500,SEA@DET,SEA,DET,,,
29305-6672,TE,Marcedes,Marcedes Lewis,Lewis,0,1,4500,GB@LAR,GB,LAR,,,
29305-22048,RB,Robert,Robert Turbin,Turbin,-0.100000001,2,4500,IND@OAK,IND,OAK,D,Shoulder,
29305-25122,WR,Amba,Amba Etta-Tawo,Etta-Tawo,0,0,4500,WAS@NYG,NYG,WAS,,,
29305-38441,RB,Justin,Justin Davis,Davis,0.100000001,1,4500,GB@LAR,LAR,GB,,,
29305-46633,WR,Keenan,Keenan Reynolds,Reynolds,0,0,4500,SEA@DET,SEA,DET,,,
29305-57900,RB,Quinton,Quinton Flowers,Flowers,0,0,4500,TB@CIN,CIN,TB,,,
29305-64070,WR,Tim,Tim White,White,0.633333325,3,4500,BAL@CAR,BAL,CAR,,,
29305-52808,RB,Dontrell,Dontrell Hilliard,Hilliard,0,2,4500,CLE@PIT,CLE,PIT,,,
29305-27229,RB,Ameer,Ameer Abdullah,Abdullah,0.899999976,2,4500,SEA@DET,DET,SEA,Q,Ankle,
29305-31329,WR,Russell,Russell Shepard,Shepard,2.700000127,3,4500,WAS@NYG,NYG,WAS,Q,Neck,
29305-56931,RB,Robert,Robert Martin,Martin,0,0,4500,WAS@NYG,NYG,WAS,,,
29305-7784,WR,Darrius,Darrius Heyward-Bey,Heyward-Bey,2.979999924,5,4500,CLE@PIT,PIT,CLE,Q,Ankle,
29305-55912,WR,Saeed,Saeed Blacknall,Blacknall,0,0,4500,IND@OAK,OAK,IND,,,
29305-38514,WR,Kevin,Kevin White,White,7.400000095,1,4500,NYJ@CHI,CHI,NYJ,,,
29305-33403,WR,Tevin,Tevin Jones,Jones,0,0,4500,CLE@PIT,PIT,CLE,,,
29305-27273,RB,Andy,Andy Janovich,Janovich,1.833333333,3,4500,DEN@KC,DEN,KC,,,
29305-33424,WR,Mose,Mose Frazier,Frazier,0,0,4500,BAL@CAR,CAR,BAL,,,
29305-56977,WR,Simmie,Simmie Cobbs Jr.,Cobbs Jr.,0,0,4500,WAS@NYG,WAS,NYG,,,
29305-40602,WR,Kermit,Kermit Whitfield,Whitfield,0,0,4500,TB@CIN,CIN,TB,,,
29305-52897,RB,Darrel,Darrel Williams,Williams,0,0,4500,DEN@KC,KC,DEN,,,
29305-40612,WR,Bobo,Bobo Wilson,Wilson,3.03333346,3,4500,TB@CIN,TB,CIN,,,
29305-29351,WR,De'Anthony,De'Anthony Thomas,Thomas,2.2,5,4500,DEN@KC,KC,DEN,IR,Lower leg,
29305-84648,WR,Josh,Josh Crockett,Crockett,0,0,4500,DEN@KC,KC,DEN,,,
29305-71359,WR,Javon,Javon Wims,Wims,0,1,4500,NYJ@CHI,CHI,NYJ,,,
29305-30403,WR,Chris,Chris Conley,Conley,3.842857088,7,4500,DEN@KC,KC,DEN,,,
29305-52931,RB,Elijhaa,Elijhaa Penny,Penny,0.100000001,2,4500,WAS@NYG,NYG,WAS,,,
29305-70341,WR,Moritz,Moritz Boehringer,Boehringer,0,0,4500,TB@CIN,CIN,TB,,,
29305-38624,RB,T.J.,T.J. Logan,Logan,0,1,4500,SF@ARI,ARI,SF,,,
29305-39649,RB,Benny,Benny Cunningham,Cunningham,0.44000001,5,4500,NYJ@CHI,CHI,NYJ,,,
29305-57064,RB,Ryan,Ryan Nall,Nall,0,0,4500,NYJ@CHI,CHI,NYJ,,,
29305-38634,WR,Ryan,Ryan Switzer,Switzer,3.433333397,6,4500,CLE@PIT,PIT,CLE,,,
29305-56051,WR,Caleb,Caleb Scott,Scott,0,0,4500,SEA@DET,SEA,DET,,,
29305-56059,WR,Trent,Trent Sherfield,Sherfield,0,0,4500,SF@ARI,ARI,SF,,,
29305-57091,WR,Tim,Tim Patrick,Patrick,1.399999936,3,4500,DEN@KC,DEN,KC,,,
29305-45835,WR,Da'Mari,Da'Mari Scott,Scott,0,0,4500,CLE@PIT,CLE,PIT,,,
29305-41741,WR,DaeSean,DaeSean Hamilton,Hamilton,1.966666698,3,4500,DEN@KC,DEN,KC,Q,Knee,
29305-33552,WR,TJ,TJ Jones,Jones,1.699999968,3,4500,SEA@DET,DET,SEA,,,
29305-70422,WR,Kalif,Kalif Raymond,Raymond,-0.050000001,8,4500,WAS@NYG,NYG,WAS,,,
29305-97046,WR,Frank,Frank Stephens,Stephens,0,0,4500,SF@ARI,SF,ARI,,,
29305-31524,WR,Cody,Cody Core,Core,2.25,2,4500,TB@CIN,CIN,TB,,,
29305-55088,WR,Malik,Malik Turner,Turner,0,0,4500,SEA@DET,SEA,DET,,,
29305-27441,RB,Damien,Damien Williams,Williams,0.680000019,5,4500,DEN@KC,KC,DEN,,,
29305-22336,WR,Josh,Josh Bellamy,Bellamy,2.575000048,4,4500,NYJ@CHI,CHI,NYJ,,,
29305-55113,RB,Shaun,Shaun Wilson,Wilson,1.133333365,3,4500,TB@CIN,TB,CIN,,,
29305-64339,WR,Auden,Auden Tate,Tate,0,0,4500,TB@CIN,CIN,TB,,,
29305-58202,RB,Ryan,Ryan Yurachek,Yurachek,0,0,4500,IND@OAK,OAK,IND,,,
29305-44893,RB,Roosevelt,Roosevelt Nix,Nix,0.800000032,3,4500,CLE@PIT,PIT,CLE,,,
29305-43870,RB,Joel,Joel Bouagnon,Bouagnon,0,0,4500,SEA@DET,DET,SEA,,,
29305-32613,RB,DeAndre,DeAndre Washington,Washington,4.533333333,15,4500,IND@OAK,OAK,IND,,,
29305-55153,TE,Garrett,Garrett Dickerson,Dickerson,0,0,4500,WAS@NYG,NYG,WAS,,,
29305-45964,WR,Marcus,Marcus Kemp,Kemp,1.200000048,1,4500,DEN@KC,KC,DEN,,,
29305-70556,RB,Jalen,Jalen Simmons,Simmons,0,0,4500,SF@ARI,ARI,SF,,,
29305-40866,WR,J'Mon,J'Mon Moore,Moore,1.5,1,4500,GB@LAR,GB,LAR,,,
29305-56233,WR,Steve,Steve Ishmael,Ishmael,0,0,4500,IND@OAK,IND,OAK,,,
29305-29624,RB,Tre,Tre Madden,Madden,0.466666659,3,4500,SEA@DET,SEA,DET,,,
29305-55224,RB,Reggie,Reggie Bonnafon,Bonnafon,0,0,4500,BAL@CAR,CAR,BAL,,,
29305-14268,RB,Stevan,Stevan Ridley,Ridley,1,4,4500,CLE@PIT,PIT,CLE,,,
29305-41922,WR,Johnny,Johnny Holton,Holton,5.757142748,7,4500,IND@OAK,OAK,IND,,,
29305-43973,RB,Keith,Keith Smith,Smith,1.450000048,2,4500,IND@OAK,OAK,IND,,,
29305-57299,TE,Gerald,Gerald Everett,Everett,2.01666673,6,4500,GB@LAR,LAR,GB,,,
29305-30678,WR,Damiere,Damiere Byrd,Byrd,0.433333317,3,4500,BAL@CAR,CAR,BAL,,,
29305-55257,WR,Steven,Steven Dunbar,Dunbar,0,0,4500,SF@ARI,SF,ARI,,,
29305-30684,RB,Brandon,Brandon Wilds,Wilds,0.5,3,4500,SF@ARI,ARI,SF,,,
29305-41954,WR,Victor,Victor Bolden Jr.,Bolden Jr.,1.5,1,4500,SF@ARI,SF,ARI,,,
29305-14327,RB,Anthony,Anthony Sherman,Sherman,3.625,4,4500,DEN@KC,KC,DEN,,,
29305-63479,RB,John,John Kelly,Kelly,0,0,4500,GB@LAR,LAR,GB,,,
29305-11431,TE,Jermaine,Jermaine Gresham,Gresham,2.033333302,3,4400,SF@ARI,ARI,SF,,,
29305-12535,D,Indianapolis,Indianapolis Colts,Colts,7.571428571,7,4400,IND@OAK,IND,OAK,,,
29305-32000,TE,Luke,Luke Willson,Willson,1.339999962,5,4400,SEA@DET,DET,SEA,,,
29305-22065,TE,Rhett,Rhett Ellison,Ellison,4.366666794,6,4400,WAS@NYG,NYG,WAS,,,
29305-80011,TE,Antony,Antony Auclair,Auclair,1.76666673,3,4300,TB@CIN,TB,CIN,,,
29305-12553,D,Carolina,Carolina Panthers,Panthers,7.5,6,4300,BAL@CAR,CAR,BAL,,,
29305-64031,TE,Hayden,Hayden Hurst,Hurst,0.400000016,3,4300,BAL@CAR,BAL,CAR,,,
29305-14240,TE,Lance,Lance Kendricks,Kendricks,2.700000127,6,4300,GB@LAR,GB,LAR,,,
29305-47870,TE,Tyler,Tyler Higbee,Higbee,2.979999924,5,4200,GB@LAR,LAR,GB,,,
29305-29592,TE,Xavier,Xavier Grimble,Grimble,1.966666698,3,4200,CLE@PIT,PIT,CLE,Q,Concussion,
29305-24533,TE,Mo,Mo Alie-Cox,Alie-Cox,2.433333397,3,4200,IND@OAK,IND,OAK,,,
29305-12552,D,Washington,Washington Redskins,Redskins,8,6,4100,WAS@NYG,WAS,NYG,,,
29305-38301,TE,Darren,Darren Fells,Fells,4.224999905,4,4100,CLE@PIT,CLE,PIT,,,
29305-54742,TE,Scott,Scott Simonson,Simonson,1.024999976,4,4100,WAS@NYG,NYG,WAS,,,
29305-72515,TE,Ian,Ian Thomas,Thomas,3.049999952,4,4100,BAL@CAR,CAR,BAL,,,
29305-14348,TE,Lee,Lee Smith,Smith,3.799999952,1,4000,IND@OAK,OAK,IND,,,
29305-27672,TE,Matt,Matt LaCosse,LaCosse,1.6,5,4000,DEN@KC,DEN,KC,,,
29305-29725,TE,Levine,Levine Toilolo,Toilolo,1.133333365,3,4000,SEA@DET,DET,SEA,,,
29305-62510,TE,Nick,Nick Boyle,Boyle,2.771428517,7,4000,BAL@CAR,BAL,CAR,,,
29305-62515,TE,Neal,Neal Sterling,Sterling,2.166666667,3,4000,NYJ@CHI,NYJ,CHI,,,
29305-30787,TE,Alex,Alex Ellis,Ellis,0,0,4000,DEN@KC,KC,DEN,IR,Undisclosed,
29305-62534,TE,Brian,Brian Parker,Parker,0,2,4000,DEN@KC,DEN,KC,,,
29305-46177,TE,David,David Wells,Wells,0,0,4000,DEN@KC,KC,DEN,,,
29305-29805,TE,Ryan,Ryan Hewitt,Hewitt,0,1,4000,IND@OAK,IND,OAK,,,
29305-28807,TE,Gabe,Gabe Holmes,Holmes,0,1,4000,SF@ARI,ARI,SF,,,
29305-62633,TE,Matt,Matt Lengel,Lengel,0,1,4000,TB@CIN,CIN,TB,,,
29305-83117,TE,Tanner,Tanner Hudson,Hudson,0,0,4000,TB@CIN,TB,CIN,,,
29305-32957,TE,Eric,Eric Tomlinson,Tomlinson,1.7,5,4000,NYJ@CHI,NYJ,CHI,,,
29305-83138,TE,Ross,Ross Dwelley,Dwelley,0,0,4000,SF@ARI,SF,ARI,,,
29305-57556,TE,Jerome,Jerome Cunningham,Cunningham,0,0,4000,SEA@DET,DET,SEA,,,
29305-12538,D,Los Angeles,Los Angeles Rams,Rams,11.14285714,7,4000,GB@LAR,LAR,GB,,,
29305-41210,TE,Matt,Matt Flanagan,Flanagan,0,0,4000,WAS@NYG,WAS,NYG,,,
29305-62718,TE,Daniel,Daniel Brown,Brown,2.424999952,8,4000,NYJ@CHI,CHI,NYJ,,,
29305-83202,TE,Christian,Christian Scotland-Williamson,Scotland-Williamson,0,0,4000,CLE@PIT,PIT,CLE,,,
29305-12550,D,Seattle,Seattle Seahawks,Seahawks,9,6,4000,SEA@DET,SEA,DET,,,
29305-27918,TE,Henry,Henry Krieger-Coble,Krieger-Coble,0,0,4000,GB@LAR,LAR,GB,,,
29305-83253,TE,Paul,Paul Butler,Butler,0,0,4000,IND@OAK,OAK,IND,,,
29305-25957,TE,J.P.,J.P. Holtz,Holtz,0,0,4000,WAS@NYG,WAS,NYG,,,
29305-22920,TE,Derek,Derek Carrier,Carrier,1.333333333,3,4000,IND@OAK,OAK,IND,,,
29305-25011,TE,Darren,Darren Waller,Waller,0,0,4000,BAL@CAR,BAL,CAR,,,
29305-40371,TE,Johnny,Johnny Mundt,Mundt,0,0,4000,GB@LAR,LAR,GB,,,
29305-47551,TE,Mason,Mason Schreck,Schreck,0,0,4000,TB@CIN,CIN,TB,IR,Knee,
29305-31169,TE,Jeremy,Jeremy Sprinkle,Sprinkle,0,2,4000,WAS@NYG,WAS,NYG,,,
29305-80353,TE,Robert,Robert Tonyan,Tonyan,0,0,4000,GB@LAR,GB,LAR,,,
29305-28144,TE,Dion,Dion Sims,Sims,0.949999988,2,4000,NYJ@CHI,CHI,NYJ,,,
29305-41469,TE,Darrell,Darrell Daniels,Daniels,0,1,4000,SEA@DET,SEA,DET,,,
29305-22051,TE,Orson,Orson Charles,Charles,0.433333317,3,4000,CLE@PIT,CLE,PIT,,,
29305-18009,TE,Chris,Chris Manhertz,Manhertz,0.699999988,1,4000,BAL@CAR,CAR,BAL,,,
29305-33418,TE,Alan,Alan Cross,Cross,0.550000012,2,4000,TB@CIN,TB,CIN,,,
29305-47788,TE,Deon,Deon Yelder,Yelder,0,0,4000,DEN@KC,KC,DEN,,,
29305-28346,TE,Maxx,Maxx Williams,Williams,3.416666667,6,4000,BAL@CAR,BAL,CAR,,,
29305-70335,TE,Seth,Seth DeValve,DeValve,3.099999905,1,4000,CLE@PIT,CLE,PIT,,,
29305-70363,TE,Hakeem,Hakeem Valles,Valles,1.049999952,2,4000,SEA@DET,DET,SEA,,,
29305-29411,TE,Pharaoh,Pharaoh Brown,Brown,0,0,4000,CLE@PIT,CLE,PIT,,,
29305-40697,TE,Bucky,Bucky Hodges,Hodges,0,0,4000,CLE@PIT,PIT,CLE,,,
29305-26384,TE,Trey,Trey Edmunds,Edmunds,3.600000064,3,4000,CLE@PIT,PIT,CLE,,,
29305-70457,TE,Cole,Cole Wick,Wick,0,1,4000,SF@ARI,SF,ARI,,,
29305-70458,TE,Jason,Jason Vander Laan,Vander Laan,0,0,4000,BAL@CAR,CAR,BAL,,,
29305-70489,TE,Ben,Ben Braunecker,Braunecker,0,1,4000,NYJ@CHI,CHI,NYJ,,,
29305-39814,TE,Jordan,Jordan Leggett,Leggett,2.575000048,4,4000,NYJ@CHI,NYJ,CHI,,,
29305-19342,TE,Demetrius,Demetrius Harris,Harris,5.974999905,4,4000,DEN@KC,KC,DEN,,,
29305-43993,TE,Andrew,Andrew Vollert,Vollert,0,0,4000,SF@ARI,ARI,SF,,,
29305-57325,TE,Jordan,Jordan Franks,Franks,0,0,4000,TB@CIN,CIN,TB,,,
29305-12536,D,Kansas City,Kansas City Chiefs,Chiefs,7.571428571,7,3900,DEN@KC,KC,DEN,,,
29305-12549,D,San Francisco,San Francisco 49ers,49ers,2.285714286,7,3900,SF@ARI,SF,ARI,,,
29305-12547,D,Pittsburgh,Pittsburgh Steelers,Steelers,8.833333333,6,3800,CLE@PIT,PIT,CLE,,,
29305-12528,D,Cincinnati,Cincinnati Bengals,Bengals,6.428571429,7,3700,TB@CIN,CIN,TB,,,
29305-12532,D,Detroit,Detroit Lions,Lions,6.333333333,6,3700,SEA@DET,DET,SEA,,,
29305-12555,D,Baltimore,Baltimore Ravens,Ravens,9,7,3700,BAL@CAR,BAL,CAR,,,
29305-12543,D,New York,New York Giants,Giants,3.142857143,7,3400,WAS@NYG,NYG,WAS,,,
29305-12544,D,New York,New York Jets,Jets,9,7,3400,NYJ@CHI,NYJ,CHI,,,
29305-12546,D,Arizona,Arizona Cardinals,Cardinals,8.142857143,7,3400,SF@ARI,ARI,SF,,,
29305-12533,D,Green Bay,Green Bay Packers,Packers,8.5,6,3300,GB@LAR,GB,LAR,,,
29305-12537,D,Oakland,Oakland Raiders,Raiders,3.5,6,3300,IND@OAK,OAK,IND,,,
29305-12531,D,Denver,Denver Broncos,Broncos,9.428571429,7,3200,DEN@KC,DEN,KC,,,
29305-12529,D,Cleveland,Cleveland Browns,Browns,8.571428571,7,3100,CLE@PIT,CLE,PIT,,,
29305-12551,D,Tampa Bay,Tampa Bay Buccaneers,Buccaneers,3.833333333,6,3000,TB@CIN,TB,CIN,,,
